"county","total_dewormed","underweight_child","acute_malnutrition","diarrhoea_cases","stunted_child","period"
"Baringo",3659,1555,8,2620,885,2023-01-01
"Bomet",1580,143,5.6,1984,75.4,2023-01-01
"Bungoma",6590,666,24,4576,275,2023-01-01
"Busia",7564,984,20,2239,650,2023-01-01
"Elgeyo Marakwet",1407,182,18.2,2739,168,2023-01-01
"Embu",3241,845,72,1376,436,2023-01-01
"Garissa",6751,3912,250,2314,152,2023-01-01
"Homa Bay",4691,522,9,2787,354,2023-01-01
"Isiolo",790,464,26,1319,107,2023-01-01
"Kajiado",7532,1556,104,4202,576,2023-01-01
"Kakamega",8044,1030,36,4307,823,2023-01-01
"Kericho",2070,596,28.4,4175,26,2023-01-01
"Kiambu",7891,2557,183,4720,1003,2023-01-01
"Kilifi",9991,3304,81,6228,2317,2023-01-01
"Kirinyaga",2148,818,105.4,2040,182,2023-01-01
"Vihiga",2576,484,28,906,324,2023-01-01
"Uasin Gishu",7878,928,1,6155,268,2023-01-01
"Turkana",8336,7937,189,7053,2971,2023-01-01
"Trans Nzoia",2603,893,248,1862,420,2023-01-01
"Tharaka Nithi",3381,754,33,1599,365,2023-01-01
"Tana River",1954,1213,233,2072,221,2023-01-01
"Taita Taveta",1624,993,1,1062,377,2023-01-01
"Siaya",3843,480,3,2421,143,2023-01-01
"Samburu",1338,1328,60,2384,260,2023-01-01
"Nyeri",2969,763,18,1077,382,2023-01-01
"Nyandarua",3072,581,55.2,1540,235,2023-01-01
"Nyamira",2091,216,11,1100,160,2023-01-01
"Narok",5820,805,56,2856,156,2023-01-01
"Nandi",1986,873,135,1957,171,2023-01-01
"Nakuru",9694,2124,120,7420,688,2023-01-01
"Nairobi",19893,5664,279,9361,4132,2023-01-01
"Muranga",4745,1474,31,2049,1358,2023-01-01
"Mombasa",3304,1882,451,3089,593,2023-01-01
"Migori",6739,498,29,2593,315,2023-01-01
"Meru",4733,688,26,2767,381,2023-01-01
"Marsabit",2667,2657,165,1344,1074,2023-01-01
"Mandera",4536,1379,394,7531,468,2023-01-01
"Makueni",6497,2167,121,3582,1027,2023-01-01
"Machakos",7594,1883,65,3783,187,2023-01-01
"Lamu",225,109,15,726,71,2023-01-01
"Laikipia",4473,1591,22,1401,639,2023-01-01
"Kwale",7968,2724,271,3291,1531,2023-01-01
"Kitui",6264,2747,42,3576,1357,2023-01-01
"Kisumu",4840,734,207,3265,213,2023-01-01
"Kisii",3498,172,4,2359,61,2023-01-01
"Wajir",6337,1797,940,4250,62,2023-01-01
"West Pokot",4820,1241,36,3010,314,2023-01-01
"Baringo",5237,1739,10,2937,1281,2023-01-29
"Bomet",2326,242,4,5053,347.8,2023-01-29
"Bungoma",5897,855,31,5164,531,2023-01-29
"Busia",3577,882,80.6,2004,648,2023-01-29
"Elgeyo Marakwet",2642,216,14.2,4609,139,2023-01-29
"Embu",2750,1110,75,1193,401,2023-01-29
"Garissa",8090,3732,1059,2072,259,2023-01-29
"Homa Bay",4157,473,5,3794,398,2023-01-29
"Isiolo",1115,455,138,1149,351,2023-01-29
"Kajiado",6772,2937,295,4959,2055,2023-01-29
"Kakamega",8563,1297,26,5580,531,2023-01-29
"Kericho",2338,907,58.6,4775,248,2023-01-29
"Kiambu",10852,2569,13,5744,967,2023-01-29
"Kilifi",8354,3411,266,5947,2354,2023-01-29
"Kirinyaga",2041,726,9,2437,171,2023-01-29
"Vihiga",2686,519,33,1531,355,2023-01-29
"Uasin Gishu",7510,1243,288,8600,496,2023-01-29
"Turkana",13641,7667,395,6067,3163,2023-01-29
"Trans Nzoia",2403,989,373,2619,474,2023-01-29
"Tharaka Nithi",2131,798,39,1292,405,2023-01-29
"Tana River",3268,1862,374,1453,338,2023-01-29
"Taita Taveta",1842,1216,2,730,679,2023-01-29
"Siaya",3990,303,5,2983,29,2023-01-29
"Samburu",3449,2041,382,2367,467,2023-01-29
"Nyeri",3515,819,33,1628,506,2023-01-29
"Nyandarua",2680,637,2,1406,239,2023-01-29
"Nyamira",1819,138,10.4,946,84,2023-01-29
"Narok",5687,458,56,3854,132,2023-01-29
"Nandi",3178,434,2,3118,297,2023-01-29
"Nakuru",11226,3122,177,9244,1376,2023-01-29
"Nairobi",21133,6701,358,13516,4977,2023-01-29
"Muranga",5343,1579,26,2077,919,2023-01-29
"Mombasa",3875,2070,498,3005,736,2023-01-29
"Migori",6445,463,11,3185,301,2023-01-29
"Meru",4790,654,51,2646,473,2023-01-29
"Marsabit",13868,4564,257,1449,1656,2023-01-29
"Mandera",3196,1203,167,7923,269,2023-01-29
"Makueni",8274,2562,179,2414,1188,2023-01-29
"Machakos",6017,2012.3,109,3923,380,2023-01-29
"Lamu",246,89,12.8,711,60.8,2023-01-29
"Laikipia",2767,1166,16,1476,582,2023-01-29
"Kwale",6307,3113,406,3099,1081,2023-01-29
"Kitui",11620,3707,32,2585,1802,2023-01-29
"Kisumu",5430,718,247,5559,389,2023-01-29
"Kisii",3335,183,2,2750,79,2023-01-29
"Wajir",6602,2377,1563,2940,272,2023-01-29
"West Pokot",8296,2471,49,3418,831,2023-01-29
"Baringo",5113,2859,48,3023,2080,2023-02-26
"Bomet",2011,312,2,3461,12,2023-02-26
"Bungoma",7070,793,1,4276,212,2023-02-26
"Busia",4429,1065,79.8,2022,746,2023-02-26
"Elgeyo Marakwet",2332,213,22.6,2313,216,2023-02-26
"Embu",3221,842,84,1510,423,2023-02-26
"Garissa",14843,4390,316,2228,3330,2023-02-26
"Homa Bay",5592,752,43,2641,368,2023-02-26
"Isiolo",2620,774,128,860,179,2023-02-26
"Kajiado",10485,2113,196,5211,848,2023-02-26
"Kakamega",10890,1238,29,5142,706,2023-02-26
"Kericho",2269,955,40,3650,91,2023-02-26
"Kiambu",8396,3621,66,7358,1425,2023-02-26
"Kilifi",9092,4212,428,7437,2614,2023-02-26
"Kirinyaga",2638,860,5,2259,291,2023-02-26
"Vihiga",2885,482,33,1323,249,2023-02-26
"Uasin Gishu",9523,1418,288,8732,582,2023-02-26
"Turkana",17249,8217,544,8467,3091,2023-02-26
"Trans Nzoia",3694,917,404,2340,394,2023-02-26
"Tharaka Nithi",2498,905,27,1264,475,2023-02-26
"Tana River",3237,1719,453,1404,578,2023-02-26
"Taita Taveta",1684,1306,18.2,703,492,2023-02-26
"Siaya",4241,327,26.2,2503,40,2023-02-26
"Samburu",2514,1873,397,2658,353,2023-02-26
"Nyeri",3270,1121,58,1564,487,2023-02-26
"Nyandarua",2693,675,102,1579,278,2023-02-26
"Nyamira",1408,196,2,1026,80,2023-02-26
"Narok",6124,399,66,4097,767,2023-02-26
"Nandi",3441,567,17,3164,322,2023-02-26
"Nakuru",7769,2288,248,8109,769,2023-02-26
"Nairobi",21397,6889,665,15795,3960,2023-02-26
"Muranga",5294,1612,29,2232,884,2023-02-26
"Mombasa",4461,1977,494,3960,710,2023-02-26
"Migori",6870,653,22,3006,354,2023-02-26
"Meru",4916,1054,107,3095,442,2023-02-26
"Marsabit",7768,3545,331,2137,1094,2023-02-26
"Mandera",2996,1322,314,7749,409,2023-02-26
"Makueni",8046,3009,155,2427,1058,2023-02-26
"Machakos",6688,2040,179,4295,174,2023-02-26
"Lamu",454,80,15.2,864,26,2023-02-26
"Laikipia",3817,1486,44,2115,666,2023-02-26
"Kwale",6076,2948,483,3407,1672,2023-02-26
"Kitui",7345,3571,8,2628,1517,2023-02-26
"Kisumu",5554,628,241,3533,232,2023-02-26
"Kisii",4293,501,3,2938,54,2023-02-26
"Wajir",9789,3362,3017,3012,349,2023-02-26
"West Pokot",4229,1159,73,2837,543,2023-02-26
"Baringo",4865,2318,3,2493,885,2023-03-26
"Bomet",1125,354,22.6,1538,192.8,2023-03-26
"Bungoma",7933,809,100.4,3144,251,2023-03-26
"Busia",3725,930,71.8,1981,1017,2023-03-26
"Elgeyo Marakwet",1828,230,9.4,1974,109,2023-03-26
"Embu",2744,691,20,1017,307,2023-03-26
"Garissa",16912,4849,224,2735,227,2023-03-26
"Homa Bay",26253,437,38,1962,473,2023-03-26
"Isiolo",2789,733,124,1464,238,2023-03-26
"Kajiado",6050,1825,56,7107,431,2023-03-26
"Kakamega",11203,1104,32,4334,571,2023-03-26
"Kericho",2095,610,88.8,1909,37,2023-03-26
"Kiambu",7957,2707,56,5427,1239,2023-03-26
"Kilifi",6965,3955,103,7335,2118,2023-03-26
"Kirinyaga",2383,834,3,2288,180,2023-03-26
"Vihiga",2395,442,22,610,212,2023-03-26
"Uasin Gishu",8816,1026,78.2,4629,252,2023-03-26
"Turkana",11644,8290,343,10969,3369,2023-03-26
"Trans Nzoia",2786,813,398,1647,436,2023-03-26
"Tharaka Nithi",2554,730,16,783,382,2023-03-26
"Tana River",2601,1290,397,1375,284,2023-03-26
"Taita Taveta",2555,1213,31.6,892,494,2023-03-26
"Siaya",3659,183,18.6,1629,58,2023-03-26
"Samburu",1901,1464,50,2397,286,2023-03-26
"Nyeri",3299,995,42,1001,524,2023-03-26
"Nyandarua",2014,586,12,924,191,2023-03-26
"Nyamira",1246,121,24.6,634,72,2023-03-26
"Narok",4711,360,29,2282,105,2023-03-26
"Nandi",2585,545,16.6,1606,186,2023-03-26
"Nakuru",4870,2032,290,5229,659,2023-03-26
"Nairobi",25413,5675,347,11612,3462,2023-03-26
"Muranga",3964,1164,26,1862,699,2023-03-26
"Mombasa",4208,1780,227,5454,752,2023-03-26
"Migori",6210,464,35,1825,250,2023-03-26
"Meru",4366,901,61,2254,463,2023-03-26
"Marsabit",2755,2932,224,2658,709,2023-03-26
"Mandera",3125,974,135,8244,291,2023-03-26
"Makueni",7264,3111,134,1927,1464,2023-03-26
"Machakos",6375,1804,96,4185,234,2023-03-26
"Lamu",474,81,15.2,861,19,2023-03-26
"Laikipia",4346,1345,32,1386,774,2023-03-26
"Kwale",5389,2186,315,3692,909,2023-03-26
"Kitui",7310,3800,2,3224,2008,2023-03-26
"Kisumu",3983,678,157,1978,493,2023-03-26
"Kisii",2963,271,2,2014,92,2023-03-26
"Wajir",6890,2050,1030,5566,498,2023-03-26
"West Pokot",6336,988,34,2347,422,2023-03-26
"Baringo",45643,2440,2,2907,1632,2023-04-30
"Bomet",3207,357,25.2,1359,232.8,2023-04-30
"Bungoma",26522,943,6,3098,447,2023-04-30
"Busia",4454,1222,1,1930,961,2023-04-30
"Elgeyo Marakwet",39863,221,32.4,1935,107,2023-04-30
"Embu",45538,1023,43,1187,539,2023-04-30
"Garissa",10771,4333,482,3095,179,2023-04-30
"Homa Bay",7691,584,88,2347,415,2023-04-30
"Isiolo",6582,521,99,2630,155,2023-04-30
"Kajiado",128655,1753,86,4600,590,2023-04-30
"Kakamega",16098,1390,26,5068,799,2023-04-30
"Kericho",2351,996,163.8,2191,316,2023-04-30
"Kiambu",25973,5025,59,6068,1540,2023-04-30
"Kilifi",7944,4324,127,13491,2469,2023-04-30
"Kirinyaga",2917,1094,3,2728,236,2023-04-30
"Vihiga",3849,637,28,1028,468,2023-04-30
"Uasin Gishu",78164,1202,166,5332,965,2023-04-30
"Turkana",48584,8520,810,10892,3354,2023-04-30
"Trans Nzoia",4250,1027,330,2025,710,2023-04-30
"Tharaka Nithi",3037,948,62,979,514,2023-04-30
"Tana River",3204,1251,267,2352,817,2023-04-30
"Taita Taveta",5283,1627,8,1196,633,2023-04-30
"Siaya",5256,569,2,2311,47,2023-04-30
"Samburu",39375,1591,227,4101,269,2023-04-30
"Nyeri",3257,1125,49,1010,482,2023-04-30
"Nyandarua",2350,708,27.4,893,436,2023-04-30
"Nyamira",15964,323,9,659,270,2023-04-30
"Narok",109350,435,36,3287,414,2023-04-30
"Nandi",5469,472,17,1621,190,2023-04-30
"Nakuru",6717,2216,287,5857,695,2023-04-30
"Nairobi",392800,7083,480,12844,10739,2023-04-30
"Muranga",8234,1721,39,2712,1212,2023-04-30
"Mombasa",6064,2418,487,7215,836,2023-04-30
"Migori",14280,560,28,2086,215,2023-04-30
"Meru",4775,1160,74,2530,1367,2023-04-30
"Marsabit",13197,3131,152,3159,713,2023-04-30
"Mandera",2656,902,174,10137,346,2023-04-30
"Makueni",16872,3435,113,3002,1618,2023-04-30
"Machakos",32010,2115,78,5101,174,2023-04-30
"Lamu",374,139,5.2,1285,34,2023-04-30
"Laikipia",38895,1636,24,1832,976,2023-04-30
"Kwale",38360,2603,342,5676,961,2023-04-30
"Kitui",7090,4165,2,3209,2027,2023-04-30
"Kisumu",35214,1041,260,5259,602,2023-04-30
"Kisii",3499,445,26.6,2246,80,2023-04-30
"Wajir",42145,4060,1490,6277,235,2023-04-30
"West Pokot",15454,1071,71,3056,383,2023-04-30
"Baringo",10808,2723,19,2403,1418,2023-05-28
"Bomet",2873,362,8.4,1605,190.4,2023-05-28
"Bungoma",6314,806,7,2500,164,2023-05-28
"Busia",4356,1056,1,1514,758,2023-05-28
"Elgeyo Marakwet",1738,198,9.4,1939,42,2023-05-28
"Embu",2351,920,53,933,852,2023-05-28
"Garissa",25392,3932,718,2882,488,2023-05-28
"Homa Bay",4466,652,60,2057,379,2023-05-28
"Isiolo",2421,600,116,940,179,2023-05-28
"Kajiado",6127,1604,54,4048,746,2023-05-28
"Kakamega",11534,1107,29,4224,1069,2023-05-28
"Kericho",2459,803,28.8,2766,172,2023-05-28
"Kiambu",73824,2427,204,5847,829,2023-05-28
"Kilifi",85912,3831,232,11064,2465,2023-05-28
"Kirinyaga",36769,981,56.6,1645,198,2023-05-28
"Vihiga",3452,640,46,1068,340,2023-05-28
"Uasin Gishu",14550,1144,152.4,4729,221,2023-05-28
"Turkana",13538,7590,593,7327,2629,2023-05-28
"Trans Nzoia",3496,866,316,1892,415,2023-05-28
"Tharaka Nithi",32815,1018,143,739,537,2023-05-28
"Tana River",6422,1390,576,2065,312,2023-05-28
"Taita Taveta",4142,1266,18,901,547,2023-05-28
"Siaya",4498,394,1,2826,71,2023-05-28
"Samburu",1945,1352,138,2764,194,2023-05-28
"Nyeri",40780,838,34,933,432,2023-05-28
"Nyandarua",33756,767,30.6,800,338,2023-05-28
"Nyamira",1588,128,24.6,674,106,2023-05-28
"Narok",20798,457,45,3435,206,2023-05-28
"Nandi",4011,562,14,1336,372,2023-05-28
"Nakuru",107963,2002,312,6753,499,2023-05-28
"Nairobi",30860,6447,579,10536,4956,2023-05-28
"Muranga",4133,1454,26,1849,863,2023-05-28
"Mombasa",3990,1846,607,3671,822,2023-05-28
"Migori",7546,418,33,2301,332,2023-05-28
"Meru",179181,900,50,1971,443,2023-05-28
"Marsabit",12133,2969,162,1437,1051,2023-05-28
"Mandera",28799,1554,166,6241,240,2023-05-28
"Makueni",90201,2016,68,2280,1290,2023-05-28
"Machakos",78572,1666,64,3820,198,2023-05-28
"Lamu",328,103,5.2,1279,39,2023-05-28
"Laikipia",3021,1246,35,1712,635,2023-05-28
"Kwale",13754,1911,316,4233,776,2023-05-28
"Kitui",107811,3259,65,1970,1602,2023-05-28
"Kisumu",4278,1258,370,2805,253,2023-05-28
"Kisii",4516,299,16,2013,197,2023-05-28
"Wajir",6417,2295,1835,3202,240,2023-05-28
"West Pokot",10422,823,51,3623,431,2023-05-28
"Baringo",5739,611,3,2625,151,2021-12-26
"Bomet",1933,342,7.8,2840,179.2,2021-12-26
"Bungoma",4344,509,34,3731,120,2021-12-26
"Busia",3734,743,50.2,1842,447,2021-12-26
"Elgeyo Marakwet",1343,285,11.8,1753,222,2021-12-26
"Embu",2450,814,65,1236,424,2021-12-26
"Garissa",6805,1886,105,3987,533,2021-12-26
"Homa Bay",3177,366,8,1800,204,2021-12-26
"Isiolo",871,277,20,2028,96,2021-12-26
"Kajiado",6188,908,17,3891,188,2021-12-26
"Kakamega",6711,845,7,2847,543,2021-12-26
"Kericho",1996,609,143.8,3604,295,2021-12-26
"Kiambu",8115,1869,50,5315,898,2021-12-26
"Kilifi",6567,2585,76,10095,1571,2021-12-26
"Kirinyaga",2012,714,86,1610,214,2021-12-26
"Vihiga",2296,553,14,960,280,2021-12-26
"Uasin Gishu",4907,722,33.2,4126,1054,2021-12-26
"Turkana",7985,2976,185,6574,575,2021-12-26
"Trans Nzoia",1331,506,12,1583,259,2021-12-26
"Tharaka Nithi",2086,586,8,1350,350,2021-12-26
"Tana River",1675,562,193,3336,197,2021-12-26
"Taita Taveta",1399,900,110,1772,315,2021-12-26
"Siaya",4887,245,22.2,3734,206,2021-12-26
"Samburu",919,727,1,1911,151,2021-12-26
"Nyeri",3015,874,18,1459,479,2021-12-26
"Nyandarua",2795,432,12.8,1004,171,2021-12-26
"Nyamira",2383,175,6.6,1218,127,2021-12-26
"Narok",8817,334,10,2882,102,2021-12-26
"Nandi",4488,396,17.2,1866,188,2021-12-26
"Nakuru",10467,2590,158,6815,1063,2021-12-26
"Nairobi",29284,4942,173,9922,2898,2021-12-26
"Muranga",5022,1450,8,2120,775,2021-12-26
"Mombasa",4053,1665,353,4479,677,2021-12-26
"Migori",6596,353,18,2481,192,2021-12-26
"Meru",2799,883,83,2544,328,2021-12-26
"Marsabit",3479,2664,63,1973,1265,2021-12-26
"Mandera",2452,956,182,8057,307,2021-12-26
"Makueni",6897,1205,17,3424,1231,2021-12-26
"Machakos",4817,1220,73,4170,104,2021-12-26
"Lamu",162,99,14.2,974,21,2021-12-26
"Laikipia",1928,728,40,1564,386,2021-12-26
"Kwale",5806,1605,72,5824,903,2021-12-26
"Kitui",5211,1409,19,3214,870,2021-12-26
"Kisumu",4425,710,107,3192,286,2021-12-26
"Kisii",2240,238,21.4,2243,69,2021-12-26
"Wajir",6397,1122,548,3918,168,2021-12-26
"West Pokot",4184,226,14,2700,200,2021-12-26
"Baringo",4146,723,7,2473,315,2022-01-30
"Bomet",1401,261,9.4,2133,19,2022-01-30
"Bungoma",39477,1020,1,4058,245,2022-01-30
"Busia",3585,706,73,2097,429,2022-01-30
"Elgeyo Marakwet",1282,210,21.6,2199,121,2022-01-30
"Embu",2620,662,94,925,411,2022-01-30
"Garissa",5858,1895,212,2405,133,2022-01-30
"Homa Bay",2425,423,6,1506,175,2022-01-30
"Isiolo",647,497,54,1466,159,2022-01-30
"Kajiado",5740,618,36,4695,281,2022-01-30
"Kakamega",7139,948,18,3089,522,2022-01-30
"Kericho",1770,430,20,3742,67,2022-01-30
"Kiambu",6743,2006,116,5223,845,2022-01-30
"Kilifi",6844,2319,191,7829,1867,2022-01-30
"Kirinyaga",1617,684,1,1979,231,2022-01-30
"Vihiga",2022,430,22,980,227,2022-01-30
"Uasin Gishu",7299,824,47.2,4231,408,2022-01-30
"Turkana",13107,3272,425,7929,1285,2022-01-30
"Trans Nzoia",1108,493,9,1575,213,2022-01-30
"Tharaka Nithi",1766,561,3,1046,392,2022-01-30
"Tana River",2172,760,275,1876,128,2022-01-30
"Taita Taveta",1643,1047,47.8,809,385,2022-01-30
"Siaya",3358,453,33.2,1620,19,2022-01-30
"Samburu",1787,836,10,2047,156,2022-01-30
"Nyeri",3629,649,16,1294,431,2022-01-30
"Nyandarua",1831,444,14,853,226,2022-01-30
"Nyamira",2134,367,12.4,1549,210,2022-01-30
"Narok",4742,202,13,2358,159,2022-01-30
"Nandi",4144,448,33.2,1585,133,2022-01-30
"Nakuru",11543,1999,223,6230,844,2022-01-30
"Nairobi",22157,4373,327,9891,2236,2022-01-30
"Muranga",4060,1488,13,1666,1199,2022-01-30
"Mombasa",3241,1811,319,3591,594,2022-01-30
"Migori",6739,343,29,2281,149,2022-01-30
"Meru",3500,757,67,2371,320,2022-01-30
"Marsabit",2496,2280,119,1483,489,2022-01-30
"Mandera",2807,900,162,6994,306,2022-01-30
"Makueni",6619,931,30,2356,526,2022-01-30
"Machakos",4275,1357,118,2945,178,2022-01-30
"Lamu",269,101,7,1131,171,2022-01-30
"Laikipia",2432,880,18,1087,502,2022-01-30
"Kwale",11179,1185,43,2112,883,2022-01-30
"Kitui",4729,1473,5,2520,869,2022-01-30
"Kisumu",4625,617,196,3272,321,2022-01-30
"Kisii",2400,286,8.8,2041,73,2022-01-30
"Wajir",9092,3122,2697,3064,386,2022-01-30
"West Pokot",2746,419,10,3120,97,2022-01-30
"Baringo",3700,1404,13,2781,338,2022-02-27
"Bomet",1388,293,13.2,1973,133,2022-02-27
"Bungoma",7919,913,71,4647,277,2022-02-27
"Busia",4024,931,2,2203,476,2022-02-27
"Elgeyo Marakwet",1070,269,21,2621,160,2022-02-27
"Embu",2673,828,57,956,365,2022-02-27
"Garissa",9127,2103,239,1826,155,2022-02-27
"Homa Bay",3472,521,10,1845,415,2022-02-27
"Isiolo",987,383,48,839,154,2022-02-27
"Kajiado",6691,793,102,6441,443,2022-02-27
"Kakamega",8496,1165,23,4162,590,2022-02-27
"Kericho",2202,609,36.6,4377,44,2022-02-27
"Kiambu",7994,2104,133,5612,942,2022-02-27
"Kilifi",7719,2728,16,5786,1963,2022-02-27
"Kirinyaga",2274,935,22.4,1531,565,2022-02-27
"Vihiga",2569,494,28,1122,189,2022-02-27
"Uasin Gishu",5558,1119,136.6,6191,432,2022-02-27
"Turkana",9837,3968,586,8781,1236,2022-02-27
"Trans Nzoia",1512,761,7,1731,377,2022-02-27
"Tharaka Nithi",1831,781,2,1008,398,2022-02-27
"Tana River",2299,933,338,1729,50,2022-02-27
"Taita Taveta",1381,978,119.6,631,332,2022-02-27
"Siaya",3719,250,15.6,2039,233,2022-02-27
"Samburu",1414,636,5,1977,144,2022-02-27
"Nyeri",3358,1063,18,1137,647,2022-02-27
"Nyandarua",2472,480,37.6,1243,507,2022-02-27
"Nyamira",2902,198,1,1353,109,2022-02-27
"Narok",5325,305,8,4763,225,2022-02-27
"Nandi",4020,457,18.4,2055,301,2022-02-27
"Nakuru",10492,2285,210,6643,1126,2022-02-27
"Nairobi",21975,5114,407,11149,2735,2022-02-27
"Muranga",4603,1679,20,1654,1095,2022-02-27
"Mombasa",3854,2480,353,2832,1135,2022-02-27
"Migori",7589,316,20,2644,298,2022-02-27
"Meru",3382,727,83,2307,605,2022-02-27
"Marsabit",2064,2045,163,1638,415,2022-02-27
"Mandera",2490,1172,160,7021,383,2022-02-27
"Makueni",6226,866,32,2089,571,2022-02-27
"Machakos",4338,1251,116,2703,382,2022-02-27
"Lamu",200,119,14.4,953,17,2022-02-27
"Laikipia",1918,715,60,1828,374,2022-02-27
"Kwale",7146,1675,122,3502,869,2022-02-27
"Kitui",5212,1528,11,2073,730,2022-02-27
"Kisumu",4556,942,162,4593,304,2022-02-27
"Kisii",2850,176,24.6,2271,72,2022-02-27
"Wajir",6617,1740,949,2694,565,2022-02-27
"West Pokot",3219,706,20,3472,76,2022-02-27
"Baringo",3938,936.3,3,2822,496,2022-03-27
"Bomet",1564,277,32.2,2464,94,2022-03-27
"Bungoma",6717,826,79.6,3471,175,2022-03-27
"Busia",3481,900,2,1780,577,2022-03-27
"Elgeyo Marakwet",927,218,5.6,2081,145,2022-03-27
"Embu",2169,580,25,850,307,2022-03-27
"Garissa",8230,1754,230,1782,270.2,2022-03-27
"Homa Bay",2650,311,29,1494,254,2022-03-27
"Isiolo",1029,300,76,641,135,2022-03-27
"Kajiado",5666,725,19,4193,419,2022-03-27
"Kakamega",8372,1188,22,3584,1530,2022-03-27
"Kericho",1651,445,26.6,2823,233.2,2022-03-27
"Kiambu",8670,2510,88,4199,1244,2022-03-27
"Kilifi",6217,2134,2,5279,1985,2022-03-27
"Kirinyaga",1833,715,173.6,1859,145,2022-03-27
"Vihiga",2910,402,10,966,489,2022-03-27
"Uasin Gishu",4596,758,76,5356,365,2022-03-27
"Turkana",9105,3924,419,7827,1031,2022-03-27
"Trans Nzoia",1846,590,4,1332,415,2022-03-27
"Tharaka Nithi",1512,583,7,974,369,2022-03-27
"Tana River",1901,544,130,1887,98,2022-03-27
"Taita Taveta",1288,934,37.8,544,571,2022-03-27
"Siaya",2738,273,1,3003,294,2022-03-27
"Samburu",1288,788,3.4,2136,207,2022-03-27
"Nyeri",3066,774,8,929,383,2022-03-27
"Nyandarua",1751,383,26.6,934,200,2022-03-27
"Nyamira",2091,161,10,1027,117,2022-03-27
"Narok",5122,247,7,4329,126,2022-03-27
"Nandi",3141,339,12.8,1631,316,2022-03-27
"Nakuru",8729,2122,122,5332,949,2022-03-27
"Nairobi",19482,4461,302,10261,2578,2022-03-27
"Muranga",4012,2583,16,1339,1526,2022-03-27
"Mombasa",3508,1673,128,2879,657,2022-03-27
"Migori",6107,370,8,1925,155,2022-03-27
"Meru",3425,667,28,1718,423,2022-03-27
"Marsabit",2661,2594,228,1791,514,2022-03-27
"Mandera",2172,1159,194,6308,365,2022-03-27
"Makueni",5539,803,17,1620,417,2022-03-27
"Machakos",3766,928,95,3526,79,2022-03-27
"Lamu",97,83,13.8,543,262.2,2022-03-27
"Laikipia",1940,845,26,715,355,2022-03-27
"Kwale",7248,1617,71,2574,881,2022-03-27
"Kitui",4729,1112,10.6,1785,731,2022-03-27
"Kisumu",4732,843,135,2572,343,2022-03-27
"Kisii",2497,274,9.4,1961,82,2022-03-27
"Wajir",5694,1399,567,2452,81,2022-03-27
"West Pokot",4615,379,22,2824,79,2022-03-27
"Baringo",8038,867,9,2947,580,2022-05-01
"Bomet",2039,204,1,2015,9,2022-05-01
"Bungoma",6632,1222,93.4,3182,287,2022-05-01
"Busia",4739,936,10.4,2001,548,2022-05-01
"Elgeyo Marakwet",4266,200,19.2,1708,135,2022-05-01
"Embu",41108,753,59,1049,406,2022-05-01
"Garissa",10036,1963,344,1955,355,2022-05-01
"Homa Bay",2294,285,19,1211,143,2022-05-01
"Isiolo",7847,649,186,892,213,2022-05-01
"Kajiado",6813,821,63,4391,266,2022-05-01
"Kakamega",9534,1294,11,4579,997,2022-05-01
"Kericho",2249,494,14.8,2408,22,2022-05-01
"Kiambu",8448,1964,62,5184,921,2022-05-01
"Kilifi",7404,2499,24,9072,2127,2022-05-01
"Kirinyaga",2339,655,48.2,1895,293,2022-05-01
"Vihiga",2922,516,20,891,449,2022-05-01
"Uasin Gishu",7485,991,49.6,5043,457,2022-05-01
"Turkana",54606,4940,591,13063,1412,2022-05-01
"Trans Nzoia",1996,591,11,1405,288,2022-05-01
"Tharaka Nithi",1978,745,3,1071,391,2022-05-01
"Tana River",2236,688,203,1776,110,2022-05-01
"Taita Taveta",1823,822,169.2,608,494,2022-05-01
"Siaya",3349,416,20.2,1905,150,2022-05-01
"Samburu",17967,715,9,2456,211,2022-05-01
"Nyeri",35154,800,26,1028,477,2022-05-01
"Nyandarua",4732,470,13.4,802,187,2022-05-01
"Nyamira",1820,118,3,1169,126,2022-05-01
"Narok",6054,476,23,2736,147,2022-05-01
"Nandi",11439,824,80,1663,231,2022-05-01
"Nakuru",10306,2182,157,6275,846,2022-05-01
"Nairobi",102975,5362,202,12355,3408,2022-05-01
"Muranga",28277,1417,20,2018,880,2022-05-01
"Mombasa",3724,2042,173,7275,638,2022-05-01
"Migori",6746,395,31,2278,172,2022-05-01
"Meru",3828,689,32,1881,325,2022-05-01
"Marsabit",17456,2360,106,2398,589,2022-05-01
"Mandera",3208,2005,358,7029,670,2022-05-01
"Makueni",23899,1046,30,2015,666,2022-05-01
"Machakos",102736,1370,63,2898,214,2022-05-01
"Lamu",249,133,14.4,973,40,2022-05-01
"Laikipia",36739,806,19,1786,1737,2022-05-01
"Kwale",8200,1515,94,4481,1452,2022-05-01
"Kitui",5089,1496,1,1919,888,2022-05-01
"Kisumu",5400,1313,183,3050,236,2022-05-01
"Kisii",2758,206,23,2380,90,2022-05-01
"Wajir",9242,1965,1074,3724,581.6,2022-05-01
"West Pokot",9082,386,27,2784,126,2022-05-01
"Baringo",48516,914,22,2897,314,2022-05-29
"Bomet",1885,247,1,1567,5,2022-05-29
"Bungoma",22007,804,1,3156,160,2022-05-29
"Busia",4358,1130,1,1834,667,2022-05-29
"Elgeyo Marakwet",23478,151,28.4,1782,74,2022-05-29
"Embu",2589,590,42,643,204,2022-05-29
"Garissa",13016,2471,605,1912,251,2022-05-29
"Homa Bay",3716,448,25,1570,207,2022-05-29
"Isiolo",1537,285,65,848,153,2022-05-29
"Kajiado",114265,795,60,3532,384,2022-05-29
"Kakamega",14568,1745,599.4,4180,1187,2022-05-29
"Kericho",2150,474,14.4,2415,272,2022-05-29
"Kiambu",77365,1876,135,5774,881,2022-05-29
"Kilifi",66427,2309,33,12302,2479,2022-05-29
"Kirinyaga",40278,756,68.4,2341,359,2022-05-29
"Vihiga",4561,530,34,938,294,2022-05-29
"Uasin Gishu",114473,914,161.2,9820,358,2022-05-29
"Turkana",25880,7029,446,9960,2142,2022-05-29
"Trans Nzoia",39180,730,139,1486,254,2022-05-29
"Tharaka Nithi",19490,522,15.8,789,284,2022-05-29
"Tana River",1991,1133,205,1886,209,2022-05-29
"Taita Taveta",22533,967,37,618,410,2022-05-29
"Siaya",8942,256,23.8,2137,117,2022-05-29
"Samburu",2599,798,5,2856,168,2022-05-29
"Nyeri",9712,1037,24,974,549,2022-05-29
"Nyandarua",17042,358,10.6,1060,214,2022-05-29
"Nyamira",14111,102,1,1034,49,2022-05-29
"Narok",99995,448,23,2134,111,2022-05-29
"Nandi",9934,500,25.2,1527,191,2022-05-29
"Nakuru",149704,2030,172,7138,1153,2022-05-29
"Nairobi",347436,5527,357,10702,3702,2022-05-29
"Muranga",8261,1480,20,1682,976,2022-05-29
"Mombasa",3691,1732,105,5840,1220,2022-05-29
"Migori",9457,423,17,2254,251,2022-05-29
"Meru",34904,904,47,1747,264,2022-05-29
"Marsabit",12555,4160,117,2033,1142,2022-05-29
"Mandera",2410,1666,284,7434,570,2022-05-29
"Makueni",27301,941,20,2057,476,2022-05-29
"Machakos",9255,1230,87,2941,161,2022-05-29
"Lamu",221,93,5.2,1284,26,2022-05-29
"Laikipia",7512,1085,34,1825,302,2022-05-29
"Kwale",90232,1602,208,4304,1083,2022-05-29
"Kitui",80524,1225,27.6,1593,907,2022-05-29
"Kisumu",6880,1129,224,3613,507,2022-05-29
"Kisii",2336,435,29.8,2176,139,2022-05-29
"Wajir",10872,1964,2377,3909,651.8,2022-05-29
"West Pokot",13268,657,37,2421,107,2022-05-29
"Baringo",2400,739,17,2056,607,2022-06-26
"Bomet",1452,212,19.8,1777,134.2,2022-06-26
"Bungoma",7085,594,2,2309,192,2022-06-26
"Busia",3520,1209,32.2,1440,547,2022-06-26
"Elgeyo Marakwet",2664,229,10.4,1161,121,2022-06-26
"Embu",2358,633,18,657,343,2022-06-26
"Garissa",6673,1888,518,1598,89,2022-06-26
"Homa Bay",3542,368,27,1649,190,2022-06-26
"Isiolo",682,294,17,748,143.8,2022-06-26
"Kajiado",5628,681,64,2996,344,2022-06-26
"Kakamega",8120,1429,32,3078,1003,2022-06-26
"Kericho",1646,401,42,1925,51,2022-06-26
"Kiambu",7315,1861,127,4404,1383,2022-06-26
"Kilifi",6113,2275,33,9906,1819,2022-06-26
"Kirinyaga",1957,724,161.8,1713,191,2022-06-26
"Vihiga",3042,581,33,729,316,2022-06-26
"Uasin Gishu",6783,940,42.6,4224,557,2022-06-26
"Turkana",9820,6328,530,7686,1853,2022-06-26
"Trans Nzoia",2154,637,228,914,334,2022-06-26
"Tharaka Nithi",1618,503,22.2,552,325,2022-06-26
"Tana River",2402,1003,239,1723,235,2022-06-26
"Taita Taveta",1243,993,53.4,611,603,2022-06-26
"Siaya",2775,566,59,1496,110,2022-06-26
"Samburu",1357,869,41.6,2178,185,2022-06-26
"Nyeri",2689,1003,4,875,385,2022-06-26
"Nyandarua",2009,426,21.8,821,201,2022-06-26
"Nyamira",1800,185,50.2,827,176,2022-06-26
"Narok",5538,240,28,2214,90,2022-06-26
"Nandi",2512,388,20,1052,146,2022-06-26
"Nakuru",10089,2141,185,5426,998,2022-06-26
"Nairobi",18896,5159,270,6308,2570,2022-06-26
"Muranga",4151,1221,6,1462,779,2022-06-26
"Mombasa",3544,1392,157,3933,596,2022-06-26
"Migori",7133,301,13,2136,210,2022-06-26
"Meru",3741,582,29,2181,195,2022-06-26
"Marsabit",2368,1836,38,1401,273,2022-06-26
"Mandera",2597,1413,372,6530,385,2022-06-26
"Makueni",5469,815,33,1505,485,2022-06-26
"Machakos",5338,1029,81,2198,132,2022-06-26
"Lamu",291,120,4,1103,43,2022-06-26
"Laikipia",2305,630,20,1579,239,2022-06-26
"Kwale",5946,1504,109,3490,1167,2022-06-26
"Kitui",5650,1255,16.2,1411,787,2022-06-26
"Kisumu",5352,780,170,2565,483,2022-06-26
"Kisii",2260,375,30.4,1638,64,2022-06-26
"Wajir",6214,1234,664,2271,131,2022-06-26
"West Pokot",4660,524,21,2144,122,2022-06-26
"Baringo",3517,1116,1,2045,377,2022-07-31
"Bomet",1118,282,1,2084,7,2022-07-31
"Bungoma",6300,748,2,2307,245,2022-07-31
"Busia",3229,898,2,1357,856,2022-07-31
"Elgeyo Marakwet",937,185,13.4,1039,128,2022-07-31
"Embu",2490,652,20,795,375,2022-07-31
"Garissa",5598,1686,344,1486,135,2022-07-31
"Homa Bay",2394,395,26,1479,479,2022-07-31
"Isiolo",770,352,21,882,68,2022-07-31
"Kajiado",5678,796,51,2977,600,2022-07-31
"Kakamega",8260,1226,34,3198,725,2022-07-31
"Kericho",1962,495,23.4,2162,44,2022-07-31
"Kiambu",7074,1897,71,4343,887,2022-07-31
"Kilifi",6846,2872,20,10216,1884,2022-07-31
"Kirinyaga",2318,734,137.8,1689,115,2022-07-31
"Vihiga",2486,487,28,655,398,2022-07-31
"Uasin Gishu",5845,1306,23,3157,787,2022-07-31
"Turkana",10434,5654,27,6843,1547,2022-07-31
"Trans Nzoia",2411,979,188,759,336,2022-07-31
"Tharaka Nithi",1815,720,1,782,465,2022-07-31
"Tana River",1922,765,151,1826,127,2022-07-31
"Taita Taveta",1655,1141,20.8,771,594,2022-07-31
"Siaya",2712,199,4.2,1544,35,2022-07-31
"Samburu",2552,1330,9,2158,194,2022-07-31
"Nyeri",2777,898,10,1001,447,2022-07-31
"Nyandarua",2408,486,22.8,789,295,2022-07-31
"Nyamira",2055,281,2,870,159,2022-07-31
"Narok",4920,275,26,2387,97,2022-07-31
"Nandi",2663,474,6,1019,230,2022-07-31
"Nakuru",10113,2148,122,5190,811,2022-07-31
"Nairobi",16350,4919,205,6769,2343,2022-07-31
"Muranga",4636,1415,12,1140,848,2022-07-31
"Mombasa",3033,1521,224,3107,650,2022-07-31
"Migori",6570,345,1,2540,149,2022-07-31
"Meru",3588,604,43,1373,364,2022-07-31
"Marsabit",1991,1772,21,1250,715,2022-07-31
"Mandera",2291,1372,236,6172,525,2022-07-31
"Makueni",6338,1050,8,1872,532,2022-07-31
"Machakos",5738,1343,116,2461,165,2022-07-31
"Lamu",264,160,9.4,1074,30,2022-07-31
"Laikipia",2407,853,8,1449,318,2022-07-31
"Kwale",6376,1485,107,3813,989,2022-07-31
"Kitui",4127,1353,2,1730,897,2022-07-31
"Kisumu",4633,788,109,2000,430,2022-07-31
"Kisii",2379,239,18.6,1627,92,2022-07-31
"Wajir",6769,1412,667,2890,146,2022-07-31
"West Pokot",3809,365,23,2021,130,2022-07-31
"Baringo",4503,1419,2,2550,525,2022-08-28
"Bomet",893,309,23.6,1669,215,2022-08-28
"Bungoma",6669,592,14,2300,149,2022-08-28
"Busia",4084,901,19.2,1411,699,2022-08-28
"Elgeyo Marakwet",1903,174,5.2,1397,114,2022-08-28
"Embu",2927,775,21,957,431,2022-08-28
"Garissa",9765,2517,358,1784,89,2022-08-28
"Homa Bay",3612,600,34,1677,407,2022-08-28
"Isiolo",1004,635,115,1205,167,2022-08-28
"Kajiado",6193,964,78,3127,513,2022-08-28
"Kakamega",9921,1274,47,3074,503,2022-08-28
"Kericho",1627,610,124.2,1700,20,2022-08-28
"Kiambu",8134,2350,166,4597,1439,2022-08-28
"Kilifi",7738,3157,87,6350,2179,2022-08-28
"Kirinyaga",2241,766,2,2313,182,2022-08-28
"Vihiga",3229,542,45,634,614,2022-08-28
"Uasin Gishu",7223,1318,76,3459,597,2022-08-28
"Turkana",9244,7201,315,7629,2327,2022-08-28
"Trans Nzoia",3028,792,379,780,400,2022-08-28
"Tharaka Nithi",1944,732,16.2,782,508,2022-08-28
"Tana River",3139,1130,396,1746,329,2022-08-28
"Taita Taveta",1751,916,39.6,992,501,2022-08-28
"Siaya",3693,204,4,1279,89,2022-08-28
"Samburu",1537,1194,19,2043,161,2022-08-28
"Nyeri",3577,1328,17,1049,420,2022-08-28
"Nyandarua",2004,708,21.4,772,282,2022-08-28
"Nyamira",2133,130,12.2,868,117,2022-08-28
"Narok",5574,450,31,2111,411,2022-08-28
"Nandi",2183,706,7,937,161,2022-08-28
"Nakuru",10756,1997,264,5181,948,2022-08-28
"Nairobi",20906,5346,413,8791,3463,2022-08-28
"Muranga",4637,1370,4,1470,1063,2022-08-28
"Mombasa",4186,1554,462,3896,1432,2022-08-28
"Migori",7971,674,65,2696,459,2022-08-28
"Meru",3859,735,41,1560,376,2022-08-28
"Marsabit",13565,3856,368,1538,679,2022-08-28
"Mandera",2186,1656,332,7127,390,2022-08-28
"Makueni",7324,1338,61,2428,786,2022-08-28
"Machakos",6083,1639,90,2564,206,2022-08-28
"Lamu",302,99,15.2,865,24,2022-08-28
"Laikipia",2452,728,40,1565,277,2022-08-28
"Kwale",6045,1750,202,3227,1147,2022-08-28
"Kitui",4266,1393,12,1858,1215,2022-08-28
"Kisumu",5457,732,238,2156,334,2022-08-28
"Kisii",3450,170,23.8,1808,116,2022-08-28
"Wajir",7386,2345,2004,2968,225,2022-08-28
"West Pokot",4749,637,36,2597,135,2022-08-28
"Baringo",16913,1322,20,2594,738,2022-09-25
"Bomet",895,235,5,1377,51,2022-09-25
"Bungoma",7073,893,7,2331,196,2022-09-25
"Busia",3632,940,2,1424,576,2022-09-25
"Elgeyo Marakwet",2601,207,9.2,1387,150,2022-09-25
"Embu",5813,762,70,1479,373,2022-09-25
"Garissa",9657,1835,230,1764,426,2022-09-25
"Homa Bay",3790,599,50,1948,326,2022-09-25
"Isiolo",3453,676,138,1197,178,2022-09-25
"Kajiado",9966,1928,110,3238,901,2022-09-25
"Kakamega",10079,1522,71,3272,503,2022-09-25
"Kericho",2030,644,29.6,2088,159,2022-09-25
"Kiambu",18765,2298,255,5686,745,2022-09-25
"Kilifi",8146,3370,236,5042,2422,2022-09-25
"Kirinyaga",2009,717,1,2022,131,2022-09-25
"Vihiga",2887,430,18,715,467,2022-09-25
"Uasin Gishu",40781,1608,183.2,3567,635,2022-09-25
"Turkana",10645,8363,458,5964,2657,2022-09-25
"Trans Nzoia",2701,842,420,893,421,2022-09-25
"Tharaka Nithi",1789,654,20.8,753,363,2022-09-25
"Tana River",16038,1619,617,2007,604,2022-09-25
"Taita Taveta",1623,1656,1,914,603,2022-09-25
"Siaya",4185,399,17.6,2034,78,2022-09-25
"Samburu",2742,1533,138,3292,302,2022-09-25
"Nyeri",3315,1092,45,1069,534,2022-09-25
"Nyandarua",2028,543,17.6,989,268,2022-09-25
"Nyamira",1980,144,12.2,831,116,2022-09-25
"Narok",6654,841,30,2553,146,2022-09-25
"Nandi",2329,611,83.2,991,199,2022-09-25
"Nakuru",9925,1739,240,5796,748,2022-09-25
"Nairobi",30590,5154,373,11097,3789,2022-09-25
"Muranga",5911,1675,6,2056,961,2022-09-25
"Mombasa",3569,1812,427,2915,751,2022-09-25
"Migori",7642,566,41,2347,269,2022-09-25
"Meru",4150,717,40,1745,350,2022-09-25
"Marsabit",2977,2623,37,1228,1182,2022-09-25
"Mandera",2333,1603,410,6274,601,2022-09-25
"Makueni",8834,1835,109,2303,1031,2022-09-25
"Machakos",12076,1674,81,3369,182,2022-09-25
"Lamu",265,112,15,754,87,2022-09-25
"Laikipia",2672,1197,39,1486,645,2022-09-25
"Kwale",8898,2578,427,2618,1291,2022-09-25
"Kitui",5933,1854,8,2242,4836,2022-09-25
"Kisumu",6174,1607,218,2535,2184,2022-09-25
"Kisii",3174,221,9.4,1964,118,2022-09-25
"Wajir",33469,4287,4123,2966,125,2022-09-25
"West Pokot",4354,554,40,2269,246,2022-09-25
"Baringo",30446,2050,19,3171,908,2022-10-30
"Bomet",825,168,5.2,1276,16,2022-10-30
"Bungoma",13741,796,18,2482,276,2022-10-30
"Busia",4413,946,8.4,1662,708,2022-10-30
"Elgeyo Marakwet",37508,153,47.8,1766,113,2022-10-30
"Embu",32845,858,43,1160,490,2022-10-30
"Garissa",9470,2123,347,2689,143,2022-10-30
"Homa Bay",92639,563,58,1840,341,2022-10-30
"Isiolo",3826,550,55,1147,108,2022-10-30
"Kajiado",87167,2060,111,3210,617,2022-10-30
"Kakamega",13354,1340,40,3411,553,2022-10-30
"Kericho",2438,698,39.8,2283,45,2022-10-30
"Kiambu",111159,2491,112,4858,1096,2022-10-30
"Kilifi",86916,3176,128,6146,2649,2022-10-30
"Kirinyaga",39484,716,50,1809,152,2022-10-30
"Vihiga",3182,475,33,573,270,2022-10-30
"Uasin Gishu",53766,1222,140.6,3933,368,2022-10-30
"Turkana",62519,9814,608,6526,2155,2022-10-30
"Trans Nzoia",5134,873,474,1217,360,2022-10-30
"Tharaka Nithi",20160,632,11,849,334,2022-10-30
"Tana River",2079,1618,326,2145,526,2022-10-30
"Taita Taveta",25979,1092,4,835,491,2022-10-30
"Siaya",92779,258,25,1446,60,2022-10-30
"Samburu",24969,1854,322,3566,272,2022-10-30
"Nyeri",35175,1200,50,1095,458,2022-10-30
"Nyandarua",38462,581,55.6,1063,241,2022-10-30
"Nyamira",42587,159,13.6,899,156,2022-10-30
"Narok",100263,290,49,3490,203,2022-10-30
"Nandi",20987,381,5,1213,179,2022-10-30
"Nakuru",97659,1943,282,5840,628,2022-10-30
"Nairobi",290543,5491,349,10510,3122,2022-10-30
"Muranga",31893,1378,16,1891,851,2022-10-30
"Mombasa",47602,1663,317,3254,669,2022-10-30
"Migori",42024,541,62,2393,248,2022-10-30
"Meru",83892,626,35,1894,320,2022-10-30
"Marsabit",12634,2657,138,1360,794,2022-10-30
"Mandera",3164,1503,362,6512,300,2022-10-30
"Makueni",49768,2164,83,2332,978,2022-10-30
"Machakos",102167,1433,97,3342,131,2022-10-30
"Lamu",380,172,15,870,60,2022-10-30
"Laikipia",35642,813,8,769,447,2022-10-30
"Kwale",55096,2555,465,2915,1294,2022-10-30
"Kitui",95906,3117,47,2339,1167,2022-10-30
"Kisumu",42358,813,201,2568,180,2022-10-30
"Kisii",4393,223,4,1934,76,2022-10-30
"Wajir",8714,2409,1804,3696,223,2022-10-30
"West Pokot",14215,619,35,2665,160,2022-10-30
"Baringo",5039,2068,7,2337,1274,2022-11-27
"Bomet",616,169,2,1309,10,2022-11-27
"Bungoma",10437,719,18,2799,162,2022-11-27
"Busia",3565,802,34.2,1512,495,2022-11-27
"Elgeyo Marakwet",1430,154,26,1788,96,2022-11-27
"Embu",2787,680,85,1027,374,2022-11-27
"Garissa",10193,2658,244,3069,484,2022-11-27
"Homa Bay",16184,328,15,1709,364,2022-11-27
"Isiolo",1948,605,84,1425,262,2022-11-27
"Kajiado",8768,1757,200,3251,653,2022-11-27
"Kakamega",103232,949,26,3186,459,2022-11-27
"Kericho",1858,461,16.4,2364,35,2022-11-27
"Kiambu",7463,1918,254,4871,828,2022-11-27
"Kilifi",6062,3209,76,5597,2039,2022-11-27
"Kirinyaga",1965,668,81,1571,112,2022-11-27
"Vihiga",5770,462,21,505,441,2022-11-27
"Uasin Gishu",8624,1370,57,4377,497,2022-11-27
"Turkana",38896,7846,226,6656,2348,2022-11-27
"Trans Nzoia",139294,728,388,1141,373,2022-11-27
"Tharaka Nithi",1896,597,30,1250,335,2022-11-27
"Tana River",4550,2219,639,1852,699,2022-11-27
"Taita Taveta",2191,788,6,1022,292,2022-11-27
"Siaya",3896,276,1,1553,57,2022-11-27
"Samburu",1729,883,131,3073,174,2022-11-27
"Nyeri",9894,1096,19,800,468,2022-11-27
"Nyandarua",2253,519,34,958,215,2022-11-27
"Nyamira",1833,187,15,797,90,2022-11-27
"Narok",6803,442,42,2825,332,2022-11-27
"Nandi",1488,443,21,1093,202,2022-11-27
"Nakuru",7850,1811,238,4972,754,2022-11-27
"Nairobi",54845,5559,338,8159,3588,2022-11-27
"Muranga",4770,1182,20,1791,707,2022-11-27
"Mombasa",3275,1763,316,3487,571,2022-11-27
"Migori",6825,471,47,2024,277,2022-11-27
"Meru",24349,776,17,2066,423,2022-11-27
"Marsabit",6392,2015,148,1291,181,2022-11-27
"Mandera",7862,1128,430,7692,329,2022-11-27
"Makueni",6228,2295,172,2797,933,2022-11-27
"Machakos",5182,1573.3,128,3876,366,2022-11-27
"Lamu",303,92,15.8,866,37,2022-11-27
"Laikipia",2620,1082,24,1211,555,2022-11-27
"Kwale",5565,2239,254,2916,1014,2022-11-27
"Kitui",6614,2596,2,2774,1207,2022-11-27
"Kisumu",5054,868,188,2409,192,2022-11-27
"Kisii",3417,278,3,1565,223,2022-11-27
"Wajir",13620,2382,1448,5212,345,2022-11-27
"West Pokot",9610,464,36,2791,165,2022-11-27
"Baringo",1917,189,4,895,638,2020-12-27
"Bomet",1306,187,17.8,4255,90,2020-12-27
"Bungoma",4367,398,20.4,2045,112,2020-12-27
"Busia",885,153,22.8,514,1039,2020-12-27
"Elgeyo Marakwet",1767,154,9.4,1881,111,2020-12-27
"Embu",817,307,10,384,198.8,2020-12-27
"Garissa",4888,687,65,1514,110,2020-12-27
"Homa Bay",1377,341,9,829,229,2020-12-27
"Isiolo",1093,226,28,892,80,2020-12-27
"Kajiado",4866,3690,63,2690,267,2020-12-27
"Kakamega",5500,381,18,2044,92,2020-12-27
"Kericho",599,231,18.6,1034,104.8,2020-12-27
"Kiambu",4362,988,3,3274,237,2020-12-27
"Kilifi",2482,1153,1,2960,805,2020-12-27
"Kirinyaga",1666,580,13,2804,99,2020-12-27
"Vihiga",1254,61,18,198,89,2020-12-27
"Uasin Gishu",2660,498,37.6,3859,340,2020-12-27
"Turkana",7529,2635,79,5409,525,2020-12-27
"Trans Nzoia",305,70,15,704,102,2020-12-27
"Tharaka Nithi",2484,316,23,1045,163,2020-12-27
"Tana River",1208,458,114,1670,132,2020-12-27
"Taita Taveta",211,101,14,251,44,2020-12-27
"Siaya",1927,153,12.6,920,214.4,2020-12-27
"Samburu",2100,418,9,1630,110,2020-12-27
"Nyeri",3255,652,10,1482,304,2020-12-27
"Nyandarua",2623,275,27,909,110,2020-12-27
"Nyamira",1146,117,15.2,597,55,2020-12-27
"Narok",6303,502,22,2827,138,2020-12-27
"Nandi",1618,91,2,843,54,2020-12-27
"Nakuru",9728,2643,49,7620,1318,2020-12-27
"Nairobi",14049,3172,224,6598,2563,2020-12-27
"Muranga",4902,803,29.2,2158,638,2020-12-27
"Mombasa",1963,1019,54,1734,274,2020-12-27
"Migori",7981,103,27,1002,30,2020-12-27
"Meru",1872,284,19,1131,157,2020-12-27
"Marsabit",2212,753,23,1947,340,2020-12-27
"Mandera",3986,1027,23,5216,302,2020-12-27
"Makueni",4054,606,5,1507,761,2020-12-27
"Machakos",4748,1148,199,3631,299,2020-12-27
"Lamu",162,37,13.8,530,262.2,2020-12-27
"Laikipia",10948,455,22.2,1647,319,2020-12-27
"Kwale",34623,405,4,544,276,2020-12-27
"Kitui",1593,454,2,928,181,2020-12-27
"Kisumu",1893,433,11,2580,62,2020-12-27
"Kisii",774,340,28.4,678,28,2020-12-27
"Wajir",5854,1114,354,2146,447,2020-12-27
"West Pokot",2630,294,28,2371,83,2020-12-27
"Baringo",4376,391,1,1599,172,2021-01-31
"Bomet",1428,100,19.2,3691,19,2021-01-31
"Bungoma",7537,901,48.8,3582,225,2021-01-31
"Busia",1937,327,3,737,172,2021-01-31
"Elgeyo Marakwet",3860,560,30.8,2734,216,2021-01-31
"Embu",2889,719,36,768,320,2021-01-31
"Garissa",6436,711,123,1716,105,2021-01-31
"Homa Bay",3368,418,5,1838,304,2021-01-31
"Isiolo",1074,253,29,950,126,2021-01-31
"Kajiado",5538,577,50,4174,308,2021-01-31
"Kakamega",10379,926,50,3444,136,2021-01-31
"Kericho",1581,358,9,3125,153.6,2021-01-31
"Kiambu",5934,1489,149,4954,718,2021-01-31
"Kilifi",2890,1194,78.6,4498,739,2021-01-31
"Kirinyaga",1604,378,13.2,1902,129,2021-01-31
"Vihiga",1074,120,29,247,69,2021-01-31
"Uasin Gishu",6270,810,74,5442,486,2021-01-31
"Turkana",8635,2889,150,6372,498,2021-01-31
"Trans Nzoia",1093,59,16.4,732,60.8,2021-01-31
"Tharaka Nithi",2502,357,15,940,180,2021-01-31
"Tana River",1524,455,95,1834,239,2021-01-31
"Taita Taveta",319,98,14,255,54,2021-01-31
"Siaya",2331,193,5,1313,27,2021-01-31
"Samburu",2025,561,91.6,1704,121,2021-01-31
"Nyeri",3536,664,7,1384,319,2021-01-31
"Nyandarua",3018,338,43.2,947,264,2021-01-31
"Nyamira",1712,152,9,784,77,2021-01-31
"Narok",6502,288,18,2510,184,2021-01-31
"Nandi",4090,293,85,1763,98,2021-01-31
"Nakuru",10104,2162,94,7304,727,2021-01-31
"Nairobi",19529,4611,324,9130,3755,2021-01-31
"Muranga",5995,941,4,2143,606,2021-01-31
"Mombasa",2215,1179,25,2306,335,2021-01-31
"Migori",2257,224,16,1281,53,2021-01-31
"Meru",3380,491,20,2529,213,2021-01-31
"Marsabit",2388,1012,22,1792,549,2021-01-31
"Mandera",3572,1026,18,3894,136,2021-01-31
"Makueni",7391,960,9,3291,458,2021-01-31
"Machakos",4842,1253,193,4122,215,2021-01-31
"Lamu",191,37,10.2,823,23.4,2021-01-31
"Laikipia",2389,756,45,1426,337,2021-01-31
"Kwale",6809,1237,24,2723,760,2021-01-31
"Kitui",5654,1202,2,2523,715,2021-01-31
"Kisumu",2703,475,38,2177,85,2021-01-31
"Kisii",1576,367,19.6,1325,80,2021-01-31
"Wajir",7706,992,580,1969,366,2021-01-31
"West Pokot",2567,216,44,2477,82,2021-01-31
"Baringo",4291,532,8,2331,268,2021-02-28
"Bomet",1291,220,19.8,2582,131.8,2021-02-28
"Bungoma",11159,1105,136.2,3464,191,2021-02-28
"Busia",9630,1172,20,2147,517,2021-02-28
"Elgeyo Marakwet",2116,418,27.4,2783,483,2021-02-28
"Embu",9178,691,37,1160,388,2021-02-28
"Garissa",6944,958,93,1362,72,2021-02-28
"Homa Bay",4504,578,16,2314,405,2021-02-28
"Isiolo",1071,221,25,788,51,2021-02-28
"Kajiado",7161,804,43,5545,819,2021-02-28
"Kakamega",12481,1638,11,4281,588,2021-02-28
"Kericho",1625,406,9,3136,63,2021-02-28
"Kiambu",6722,1929,141,6831,876,2021-02-28
"Kilifi",7674,2834,4,8612,1801,2021-02-28
"Kirinyaga",2110,500,18.6,2095,125,2021-02-28
"Vihiga",2865,492,28,816,192,2021-02-28
"Uasin Gishu",7092,960,121.6,6813,1130,2021-02-28
"Turkana",16440,3079,92,6862,738,2021-02-28
"Trans Nzoia",2138,541,2,2135,285,2021-02-28
"Tharaka Nithi",2608,450,14,1094,177,2021-02-28
"Tana River",1633,647,151,1688,363,2021-02-28
"Taita Taveta",1877,600,14,659,336,2021-02-28
"Siaya",5766,287,28.6,2137,158,2021-02-28
"Samburu",1365,445,16,2070,136,2021-02-28
"Nyeri",3061,702,9,1407,423,2021-02-28
"Nyandarua",2374,327,14.4,1217,134,2021-02-28
"Nyamira",2008,88,9,1011,55,2021-02-28
"Narok",7225,337,25,2227,194,2021-02-28
"Nandi",4946,399,23,2008,136,2021-02-28
"Nakuru",9578,2812,79,7239,599,2021-02-28
"Nairobi",17603,7095,291,10302,2849,2021-02-28
"Muranga",4975,1690,6,1860,1084,2021-02-28
"Mombasa",3331,1669,174,3948,409,2021-02-28
"Migori",6848,292,35,3171,94,2021-02-28
"Meru",3528,595,22,2724,433,2021-02-28
"Marsabit",2920,1561,109,2200,550,2021-02-28
"Mandera",3460,877,72,4608,126,2021-02-28
"Makueni",8419,1072,10,2886,591,2021-02-28
"Machakos",5437,1496,176,4118,184,2021-02-28
"Lamu",294,93,12.8,710,60.8,2021-02-28
"Laikipia",2143,729,48,1509,317,2021-02-28
"Kwale",8138,1677,65,3254,1059,2021-02-28
"Kitui",5920,1253,6,2443,654,2021-02-28
"Kisumu",6782,770,56,3747,274,2021-02-28
"Kisii",4585,541,21.2,2376,345,2021-02-28
"Wajir",6749,961,539,2346,212,2021-02-28
"West Pokot",2762,457,25,2179,161,2021-02-28
"Baringo",3306,566,4,1847,246,2021-03-28
"Bomet",944,210,21.6,2336,108.6,2021-03-28
"Bungoma",7186,708,34.6,2886,323,2021-03-28
"Busia",4997,926,20,1465,580,2021-03-28
"Elgeyo Marakwet",1699,337,30.2,1867,213,2021-03-28
"Embu",2349,706,18.6,762,386,2021-03-28
"Garissa",7073,1041,95,1756,57,2021-03-28
"Homa Bay",3209,499,69,1410,231,2021-03-28
"Isiolo",874,301,35,734,239,2021-03-28
"Kajiado",5459,613,87,3365,489,2021-03-28
"Kakamega",10098,793,16,3713,757,2021-03-28
"Kericho",1583,370,18.6,2340,8,2021-03-28
"Kiambu",7076,2039,137,4226,1005,2021-03-28
"Kilifi",6301,2425,4,6005,1359,2021-03-28
"Kirinyaga",1762,529,45.6,1504,186,2021-03-28
"Vihiga",2349,374,29,563,216,2021-03-28
"Uasin Gishu",4935,842,1,5115,968,2021-03-28
"Turkana",15382,3169,337,7586,608,2021-03-28
"Trans Nzoia",1518,496,22,1735,268,2021-03-28
"Tharaka Nithi",1669,625,13,758,183,2021-03-28
"Tana River",2271,595,273,1193,201,2021-03-28
"Taita Taveta",1968,520,18,604,309,2021-03-28
"Siaya",4132,470,11.6,1526,85,2021-03-28
"Samburu",1139,1408,108.2,1639,187,2021-03-28
"Nyeri",2540,1131,5,822,575,2021-03-28
"Nyandarua",2060,411,12.8,754,213,2021-03-28
"Nyamira",2160,146,12.2,849,120,2021-03-28
"Narok",4907,343,24,2211,116,2021-03-28
"Nandi",3762,321,16,1529,142,2021-03-28
"Nakuru",8719,2104,62,4825,948,2021-03-28
"Nairobi",18502,4502,446,8168,2685,2021-03-28
"Muranga",5422,971,1,1137,652,2021-03-28
"Mombasa",2727,1513,118,2667,774,2021-03-28
"Migori",6171,279,27,3093,83,2021-03-28
"Meru",3199,670,20,2350,503,2021-03-28
"Marsabit",4045,1403,91,1726,396,2021-03-28
"Mandera",3664,1105,99,4479,167,2021-03-28
"Makueni",5775,975,10,1896,533,2021-03-28
"Machakos",5106,1321,233,2848,199,2021-03-28
"Lamu",258,80,15.2,603,43,2021-03-28
"Laikipia",1848,936,66,1001,443,2021-03-28
"Kwale",22202,1729,44,2541,1123,2021-03-28
"Kitui",4588,953,2.4,1746,918,2021-03-28
"Kisumu",5061,767,38,2491,175,2021-03-28
"Kisii",2451,417,35.8,1835,538,2021-03-28
"Wajir",9840,1236,584,2610,433,2021-03-28
"West Pokot",2765,372,39,2426,228,2021-03-28
"Baringo",13782,599,2,2131,302,2021-04-25
"Bomet",1336,178,11.4,2201,17,2021-04-25
"Bungoma",9139,936,49,3033,373,2021-04-25
"Busia",5059,756,14,1719,395,2021-04-25
"Elgeyo Marakwet",3497,428,33.6,1690,178,2021-04-25
"Embu",37043,938,10,961,830,2021-04-25
"Garissa",6103,1021,98,1828,75,2021-04-25
"Homa Bay",3137,560,14,1332,366,2021-04-25
"Isiolo",3280,234,11,922,119,2021-04-25
"Kajiado",5632,550,50,3612,300,2021-04-25
"Kakamega",10716,978,3,4701,240,2021-04-25
"Kericho",1906,776,171.4,1612,10,2021-04-25
"Kiambu",20477,2126,93,4929,840,2021-04-25
"Kilifi",127503,2175,3,8403,1164,2021-04-25
"Kirinyaga",1765,863,41.6,2195,222,2021-04-25
"Vihiga",2361,311,29,644,199,2021-04-25
"Uasin Gishu",70708,804,139,6443,348,2021-04-25
"Turkana",37504,3040,167,8708,660,2021-04-25
"Trans Nzoia",1528,420,27,1697,341,2021-04-25
"Tharaka Nithi",23677,510,14,993,176,2021-04-25
"Tana River",1398,562,79,1235,246,2021-04-25
"Taita Taveta",31430,669,42.8,783,441,2021-04-25
"Siaya",30485,897,26.2,2241,125,2021-04-25
"Samburu",17181,610,15.4,2101,72,2021-04-25
"Nyeri",4571,733,12,882,466,2021-04-25
"Nyandarua",19963,406,13,664,160,2021-04-25
"Nyamira",5602,213,19,888,79,2021-04-25
"Narok",6196,328,29,2201,292,2021-04-25
"Nandi",21548,392,16,1320,216,2021-04-25
"Nakuru",15893,2008,21,5187,565,2021-04-25
"Nairobi",91975,5103,264,9616,4130,2021-04-25
"Muranga",21263,1317,1,1423,568,2021-04-25
"Mombasa",3103,1584,130,3909,502,2021-04-25
"Migori",23069,189,26,2067,165,2021-04-25
"Meru",3373,477,17,2111,158,2021-04-25
"Marsabit",15936,1406,34,1877,681,2021-04-25
"Mandera",2693,1202,55,5625,232,2021-04-25
"Makueni",24638,1013,17,2169,555,2021-04-25
"Machakos",21059,1358,63,3724,207,2021-04-25
"Lamu",218,57,26,615,68.6,2021-04-25
"Laikipia",2322,904,28,1318,469,2021-04-25
"Kwale",56028,1234,21,3263,784,2021-04-25
"Kitui",11182,1013,12.2,1809,622,2021-04-25
"Kisumu",4996,677,13,3336,123,2021-04-25
"Kisii",2875,439,33.4,1886,475,2021-04-25
"Wajir",5875,985,139,2960,408,2021-04-25
"West Pokot",24290,380,29,2552,129,2021-04-25
"Baringo",24348,512,18.8,2705,334,2021-05-30
"Bomet",2022,161,23.4,2428,7,2021-05-30
"Bungoma",11934,1298,181.8,2888,292,2021-05-30
"Busia",8405,1088,8,1743,458,2021-05-30
"Elgeyo Marakwet",25067,353,19.2,2581,242,2021-05-30
"Embu",2576,1039,41,922,484,2021-05-30
"Garissa",26915,1064,67,1769,89,2021-05-30
"Homa Bay",3133,256,5,1084,134,2021-05-30
"Isiolo",21825,284,12,1024,196,2021-05-30
"Kajiado",16036,658,38,3052,455,2021-05-30
"Kakamega",43050,910,130.6,4586,245,2021-05-30
"Kericho",1933,381,8.2,2933,17,2021-05-30
"Kiambu",7003,1634,85,4228,1028,2021-05-30
"Kilifi",104764,2062,10,6633,1280,2021-05-30
"Kirinyaga",1682,565,38.2,4114,240,2021-05-30
"Vihiga",2160,345,21,631,219,2021-05-30
"Uasin Gishu",8560,939,81.6,6029,557,2021-05-30
"Turkana",10137,2788,182,6518,657,2021-05-30
"Trans Nzoia",1880,367,16.6,1789,160,2021-05-30
"Tharaka Nithi",2720,644,15,662,258,2021-05-30
"Tana River",2688,597,147,1429,201,2021-05-30
"Taita Taveta",1225,603,55.2,1802,240,2021-05-30
"Siaya",71121,588,4,2579,123,2021-05-30
"Samburu",10829,920,2,2231,112,2021-05-30
"Nyeri",7151,784,32,821,415,2021-05-30
"Nyandarua",3757,428,15.2,881,186,2021-05-30
"Nyamira",2499,104,15,779,45,2021-05-30
"Narok",101894,569,17,2195,455,2021-05-30
"Nandi",6861,743,15,1771,236,2021-05-30
"Nakuru",82403,2335,39,6824,807,2021-05-30
"Nairobi",141850,5307,295,9212,2499,2021-05-30
"Muranga",4291,1302,1,1205,863,2021-05-30
"Mombasa",3666,1376,281,5232,822,2021-05-30
"Migori",14330,369,21,2245,324,2021-05-30
"Meru",39597,510,28,1746,239,2021-05-30
"Marsabit",16681,1027,13,1613,374,2021-05-30
"Mandera",3424,1843,51,5650,874,2021-05-30
"Makueni",23502,844,24,1964,479,2021-05-30
"Machakos",5072,1177,155,3038,232,2021-05-30
"Lamu",139,71,26,633,68.6,2021-05-30
"Laikipia",23218,881,33,1357,545,2021-05-30
"Kwale",6341,1129,28,2584,675,2021-05-30
"Kitui",65676,913,5,1745,555,2021-05-30
"Kisumu",5628,556,32,3343,83,2021-05-30
"Kisii",3919,589,21.2,2325,299,2021-05-30
"Wajir",9815,1008,242,2453,453,2021-05-30
"West Pokot",12700,298,24,2474,115,2021-05-30
"Baringo",4067,589.5,1,2387,329,2021-06-27
"Bomet",1362,195,10,3075,28,2021-06-27
"Bungoma",7558,814,97.6,2037,422,2021-06-27
"Busia",4014,689,4,1576,346,2021-06-27
"Elgeyo Marakwet",1617,162,9.4,1992,106,2021-06-27
"Embu",3008,755,20,783,384,2021-06-27
"Garissa",5896,1062,94,1722,222,2021-06-27
"Homa Bay",3428,377,43,1794,211,2021-06-27
"Isiolo",805,128,11,850,34,2021-06-27
"Kajiado",4687,606,30,2983,611,2021-06-27
"Kakamega",12753,985,7,3333,227,2021-06-27
"Kericho",2369,500,18.6,2058,106,2021-06-27
"Kiambu",6438,1824,92,4406,1269,2021-06-27
"Kilifi",5834,2441,2,8711,1413,2021-06-27
"Kirinyaga",1739,670,1,1742,636,2021-06-27
"Vihiga",1579,281,32,635,188,2021-06-27
"Uasin Gishu",5422,773,32.4,4397,515,2021-06-27
"Turkana",7780,2636,237,5901,779,2021-06-27
"Trans Nzoia",1060,377,21.4,1502,202,2021-06-27
"Tharaka Nithi",4064,459,26,599,291,2021-06-27
"Tana River",1719,711,238,1924,175,2021-06-27
"Taita Taveta",1226,642,16.2,1174,515,2021-06-27
"Siaya",3277,547,2,1885,86,2021-06-27
"Samburu",1790,778,13,1711,165,2021-06-27
"Nyeri",3647,784,9,900,432,2021-06-27
"Nyandarua",2319,416,23.2,814,219,2021-06-27
"Nyamira",2823,214,26.2,841,108,2021-06-27
"Narok",7319,349,19,1809,271,2021-06-27
"Nandi",7651,545,30,1860,445,2021-06-27
"Nakuru",9921,3735,67,5868,815,2021-06-27
"Nairobi",21430,4129,278,8798,2636,2021-06-27
"Muranga",4190,984,15.4,1338,632,2021-06-27
"Mombasa",3491,1119,208,4525,881,2021-06-27
"Migori",6811,196,6,3070,108,2021-06-27
"Meru",5086,3276,29,1419,531,2021-06-27
"Marsabit",2435,1203,5,1764,644,2021-06-27
"Mandera",3010,1041,103,4287,390,2021-06-27
"Makueni",6733,943,3,1781,526,2021-06-27
"Machakos",4818,1419,121,2756,208,2021-06-27
"Lamu",297,153,15,789,45,2021-06-27
"Laikipia",3024,907,36,1407,510,2021-06-27
"Kwale",7575,1462,47,2731,911,2021-06-27
"Kitui",4731,890,13,1696,530,2021-06-27
"Kisumu",4449,1205,60,2432,196,2021-06-27
"Kisii",2954,449,16.4,2137,336,2021-06-27
"Wajir",5776,995,383,2054,264,2021-06-27
"West Pokot",3094,275,24,2334,56,2021-06-27
"Baringo",3153,403,2,2465,276,2021-08-01
"Bomet",938,275,18.2,2682,148.4,2021-08-01
"Bungoma",9795,978,54.6,2906,239,2021-08-01
"Busia",3875,762,5,1539,385,2021-08-01
"Elgeyo Marakwet",2158,230,12,1849,195,2021-08-01
"Embu",2971,755,18,1180,422,2021-08-01
"Garissa",7728,1051,51,1995,208,2021-08-01
"Homa Bay",3017,347,53,2158,183,2021-08-01
"Isiolo",1243,267,147,884,235,2021-08-01
"Kajiado",4912,506,45,2982,689,2021-08-01
"Kakamega",10992,1014,56.8,3290,351,2021-08-01
"Kericho",1998,375,24.6,2821,263,2021-08-01
"Kiambu",6386,1855,66,5322,1113,2021-08-01
"Kilifi",7053,2487,27.8,9181,1606,2021-08-01
"Kirinyaga",1495,777,90.6,1740,534,2021-08-01
"Vihiga",2862,432,25,653,119,2021-08-01
"Uasin Gishu",4975,855,30,4132,330,2021-08-01
"Turkana",6836,3017,115,6265,706,2021-08-01
"Trans Nzoia",1490,394,2,1316,315,2021-08-01
"Tharaka Nithi",2183,546,22,851,260,2021-08-01
"Tana River",1889,601,135,1915,178,2021-08-01
"Taita Taveta",1956,686,31.6,1074,263,2021-08-01
"Siaya",3151,274,11.4,2851,54,2021-08-01
"Samburu",1507,656,15,1557,189,2021-08-01
"Nyeri",3604,721,11,973,478,2021-08-01
"Nyandarua",2287,408,12.4,944,619,2021-08-01
"Nyamira",1868,381,24.8,1061,80,2021-08-01
"Narok",6018,613,6,2026,167,2021-08-01
"Nandi",7001,634,28.2,1837,312,2021-08-01
"Nakuru",13014,2353,40,6610,744,2021-08-01
"Nairobi",19659,4824,228,9574,3111,2021-08-01
"Muranga",4558,1167,11.2,1612,773,2021-08-01
"Mombasa",3013,1209,115,4311,600,2021-08-01
"Migori",7557,365,16,4119,161,2021-08-01
"Meru",4605,2071,22,1566,270,2021-08-01
"Marsabit",2783,1023,5,1658,247,2021-08-01
"Mandera",2728,943,55,4493,293,2021-08-01
"Makueni",6875,865,10,2123,570,2021-08-01
"Machakos",5463,1361,185,2662,177,2021-08-01
"Lamu",205,134,14.2,1010,26,2021-08-01
"Laikipia",2426,935,30,796,564,2021-08-01
"Kwale",7442,1281,37,3404,804,2021-08-01
"Kitui",4560,998,3,2053,508,2021-08-01
"Kisumu",5086,1033,39,3061,188,2021-08-01
"Kisii",3290,338,17.2,2506,276,2021-08-01
"Wajir",6742,1557,362,2222,667,2021-08-01
"West Pokot",3744,281,20,1948,106,2021-08-01
"Baringo",4715,668,3,2411,305,2021-08-29
"Bomet",1180,195,19.2,2303,27,2021-08-29
"Bungoma",8857,1048,170.4,2615,239,2021-08-29
"Busia",4273,1785,269.6,1858,584,2021-08-29
"Elgeyo Marakwet",1513,196,4.6,1557,142,2021-08-29
"Embu",3000,861,52,1113,438,2021-08-29
"Garissa",7624,709,113,1896,137,2021-08-29
"Homa Bay",2265,238,6,1220,168,2021-08-29
"Isiolo",746,412,46,925,141,2021-08-29
"Kajiado",6776,668,82,3468,633,2021-08-29
"Kakamega",9471,849,1,3147,263,2021-08-29
"Kericho",1916,470,217.6,9729,75,2021-08-29
"Kiambu",6231,1753,74,5607,1224,2021-08-29
"Kilifi",7235,2210,1,6971,1377,2021-08-29
"Kirinyaga",1470,917,147.8,1665,396,2021-08-29
"Vihiga",3033,371,38,668,417,2021-08-29
"Uasin Gishu",5917,866,44.4,3600,341,2021-08-29
"Turkana",9208,4785,207,5840,841,2021-08-29
"Trans Nzoia",1670,409,3,1127,303,2021-08-29
"Tharaka Nithi",2234,519,10,951,462,2021-08-29
"Tana River",1716,775,156,1575,194,2021-08-29
"Taita Taveta",5741,774,3,714,291,2021-08-29
"Siaya",4924,202,4.8,1514,79,2021-08-29
"Samburu",1319,1156,1,1835,98,2021-08-29
"Nyeri",3356,736,14,935,372,2021-08-29
"Nyandarua",2325,368,16.4,964,183,2021-08-29
"Nyamira",3068,189,9.2,1270,166,2021-08-29
"Narok",5333,339,19,2301,355,2021-08-29
"Nandi",4241,786,7,1552,459,2021-08-29
"Nakuru",12040,2109,56,6135,739,2021-08-29
"Nairobi",20609,4554,349,12455,2680,2021-08-29
"Muranga",4811,1199,16.2,1331,914,2021-08-29
"Mombasa",3059,1263,106,3100,511,2021-08-29
"Migori",7721,451,27,3750,132,2021-08-29
"Meru",4568,597,23,1481,237,2021-08-29
"Marsabit",2453,1225,43,1738,212,2021-08-29
"Mandera",3234,1247,66,4412,204,2021-08-29
"Makueni",9843,1350,12,2316,527,2021-08-29
"Machakos",5529,1226,130,2861,144,2021-08-29
"Lamu",255,99,15.8,878,45,2021-08-29
"Laikipia",2496,919,36,1445,533,2021-08-29
"Kwale",7082,1973,64,3319,1269,2021-08-29
"Kitui",4456,978,6,1788,585,2021-08-29
"Kisumu",5486,784,50,3670,197,2021-08-29
"Kisii",2627,532,12,2574,288,2021-08-29
"Wajir",5772,1182,214,2349,517,2021-08-29
"West Pokot",4315,392,52,2451,141,2021-08-29
"Baringo",3745,472,21.4,2290,433,2021-09-26
"Bomet",1409,238,25.2,2384,101,2021-09-26
"Bungoma",8434,1011,194.6,2115,463,2021-09-26
"Busia",4228,1373,230.6,1664,345,2021-09-26
"Elgeyo Marakwet",1966,252,17,1468,153,2021-09-26
"Embu",1668,500,6,580,165,2021-09-26
"Garissa",9040,1661,112,1988,51,2021-09-26
"Homa Bay",2747,349,1,1695,196,2021-09-26
"Isiolo",986,250,29,891,28,2021-09-26
"Kajiado",4826,535,65,3336,259,2021-09-26
"Kakamega",8519,883,2,2786,638,2021-09-26
"Kericho",1802,421,15.2,1617,210,2021-09-26
"Kiambu",5956,1720,6,5267,892,2021-09-26
"Kilifi",6982,2428,2,6704,1650,2021-09-26
"Kirinyaga",1583,742,1,1503,283,2021-09-26
"Vihiga",3100,352,49,593,194,2021-09-26
"Uasin Gishu",4808,917,59.8,3338,546,2021-09-26
"Turkana",14275,3588,268,5671,680,2021-09-26
"Trans Nzoia",1756,678,1,944,236,2021-09-26
"Tharaka Nithi",2429,580,11,812,311,2021-09-26
"Tana River",1495,754,199,1696,200,2021-09-26
"Taita Taveta",6954,777,13.2,886,317,2021-09-26
"Siaya",5900,225,7.2,1506,39,2021-09-26
"Samburu",2320,577,1,2049,105,2021-09-26
"Nyeri",3292,756,15,1146,428,2021-09-26
"Nyandarua",2088,414,16,718,202,2021-09-26
"Nyamira",1550,170,15.8,909,113,2021-09-26
"Narok",5719,395,22,2061,186,2021-09-26
"Nandi",4406,500,27.6,1323,322,2021-09-26
"Nakuru",14033,2180,164,4986,2101,2021-09-26
"Nairobi",27753,4729,246,10232,3874,2021-09-26
"Muranga",4483,1161,3,1460,737,2021-09-26
"Mombasa",3752,1334,45,3433,508,2021-09-26
"Migori",7158,495,13,2655,378,2021-09-26
"Meru",4639,3383,26,1819,373,2021-09-26
"Marsabit",2714,1454,24,1471,629,2021-09-26
"Mandera",3512,1643,196,4503,345,2021-09-26
"Makueni",7283,672,21,2122,449,2021-09-26
"Machakos",5108,1235,6,3322,111,2021-09-26
"Lamu",274,101,15.2,778,20,2021-09-26
"Laikipia",2322,1291,42,1415,506,2021-09-26
"Kwale",7983,1361,53,2512,987,2021-09-26
"Kitui",5620,1007,22,1906,646,2021-09-26
"Kisumu",5268,768,108,2362,275,2021-09-26
"Kisii",3021,358,30,2235,233,2021-09-26
"Wajir",5922,1605,551,2443,472,2021-09-26
"West Pokot",2616,177,23,2235,54,2021-09-26
"Baringo",31867,454,2,2622,277,2021-10-31
"Bomet",4106,285,14.8,3002,110.8,2021-10-31
"Bungoma",8969,586,19.2,2382,159,2021-10-31
"Busia",4356,896,2,1841,393,2021-10-31
"Elgeyo Marakwet",26402,207,28,2100,164,2021-10-31
"Embu",37526,677,26,967,315,2021-10-31
"Garissa",37512,1708,202,2468,83,2021-10-31
"Homa Bay",3143,344,4,1862,204,2021-10-31
"Isiolo",28117,250,12,1151,104,2021-10-31
"Kajiado",5341,650,39,3514,358,2021-10-31
"Kakamega",9337,1426,39,3582,952,2021-10-31
"Kericho",1437,525,15,2344,74,2021-10-31
"Kiambu",7881,2050,94,5961,977,2021-10-31
"Kilifi",35623,2707,9,8185,1707,2021-10-31
"Kirinyaga",28429,808,2,1783,337,2021-10-31
"Vihiga",2815,450,34,781,414,2021-10-31
"Uasin Gishu",86925,1114,53.8,3931,329,2021-10-31
"Turkana",21615,3213,92,4966,1014,2021-10-31
"Trans Nzoia",1670,786,1,1232,367,2021-10-31
"Tharaka Nithi",7277,597,24,1355,288,2021-10-31
"Tana River",2099,719,183,2109,62,2021-10-31
"Taita Taveta",31186,1001,44.8,832,357,2021-10-31
"Siaya",99413,293,2,3098,104,2021-10-31
"Samburu",22688,641,4,2439,44,2021-10-31
"Nyeri",3268,806,14,1639,482,2021-10-31
"Nyandarua",7034,490,18.2,1075,223,2021-10-31
"Nyamira",4418,143,7,883,141,2021-10-31
"Narok",4059,301,9,2319,246,2021-10-31
"Nandi",19376,424,15.6,1583,216,2021-10-31
"Nakuru",32999,2299,78,6121,1085,2021-10-31
"Nairobi",92004,4954,271,11714,2326,2021-10-31
"Muranga",26905,1767,21,1733,908,2021-10-31
"Mombasa",3751,1476,235,4103,656,2021-10-31
"Migori",7162,441,44,2988,127,2021-10-31
"Meru",4952,676,18,2113,329,2021-10-31
"Marsabit",28369,1416,181,1560,572,2021-10-31
"Mandera",3909,1377,133,4946,174,2021-10-31
"Makueni",23924,856,28,2399,424,2021-10-31
"Machakos",14536,1303,137,3353,162,2021-10-31
"Lamu",221,96,15.2,766,24,2021-10-31
"Laikipia",2228,1077,34,1692,477,2021-10-31
"Kwale",77225,1633,42,3551,899,2021-10-31
"Kitui",6811,1065,5,2413,518,2021-10-31
"Kisumu",4775,829,38,2684,209,2021-10-31
"Kisii",2650,200,24.6,2235,73,2021-10-31
"Wajir",6467,1386,683,2435,267,2021-10-31
"West Pokot",12811,327,13,2192,388,2021-10-31
"Baringo",6114,454,7,2159,272,2021-11-28
"Bomet",3218,208,14.8,3125,121.4,2021-11-28
"Bungoma",145466,697,101.6,2949,136,2021-11-28
"Busia",5232,838,109.2,1638,363,2021-11-28
"Elgeyo Marakwet",2352,291,24,1671,165,2021-11-28
"Embu",3091,707,32,806,566,2021-11-28
"Garissa",7210,1178,144,3549,107,2021-11-28
"Homa Bay",3896,307,4,1653,176,2021-11-28
"Isiolo",720,350,36,1457,156,2021-11-28
"Kajiado",4114,478,57,2951,233,2021-11-28
"Kakamega",90411,707,22,2735,309,2021-11-28
"Kericho",1930,324,24.2,2603,160,2021-11-28
"Kiambu",56120,1868,61,5228,1012,2021-11-28
"Kilifi",130939,2344,11,7205,1473,2021-11-28
"Kirinyaga",2171,670,37.4,1567,285,2021-11-28
"Vihiga",3054,423,9,749,223,2021-11-28
"Uasin Gishu",33503,593,24,4068,453,2021-11-28
"Turkana",8535,2579,233,4449,816,2021-11-28
"Trans Nzoia",148729,477,2,1279,232,2021-11-28
"Tharaka Nithi",14096,490,11,1091,292,2021-11-28
"Tana River",1981,609,172,1902,89,2021-11-28
"Taita Taveta",1070,678,16.6,708,252,2021-11-28
"Siaya",4509,218,2,1504,57,2021-11-28
"Samburu",1017,484,102.6,1823,42,2021-11-28
"Nyeri",3544,695,8,1496,467,2021-11-28
"Nyandarua",18199,409,11.6,1018,175,2021-11-28
"Nyamira",9229,158,22.8,841,161,2021-11-28
"Narok",108806,245,7,2429,113,2021-11-28
"Nandi",4103,271,10.6,1478,193,2021-11-28
"Nakuru",80271,1761,166,6446,992,2021-11-28
"Nairobi",47563,4084,177,8801,4555,2021-11-28
"Muranga",5935,1248,23,1942,642,2021-11-28
"Mombasa",3016,1079,194,3445,342,2021-11-28
"Migori",28755,380,21,2500,494,2021-11-28
"Meru",31222,644,34,2045,250,2021-11-28
"Marsabit",2775,1412,47,1734,605,2021-11-28
"Mandera",3817,1215,150,5944,176,2021-11-28
"Makueni",17724,722,6,1994,402,2021-11-28
"Machakos",33801,1202,70,3286,93,2021-11-28
"Lamu",171,69,15.8,876,11,2021-11-28
"Laikipia",23427,678,30,1554,433,2021-11-28
"Kwale",7193,1691,29,3651,772,2021-11-28
"Kitui",29802,1171,1,2214,460,2021-11-28
"Kisumu",5431,736,26,3494,233,2021-11-28
"Kisii",2040,209,24.8,2471,89,2021-11-28
"Wajir",13522,1223,432,3922,273,2021-11-28
"West Pokot",6970,153,22,2477,74,2021-11-28
